{"cameraMode":{"drawMode":0,"name":"Shaded","section":"Shading Mode"},"sceneLighting":false,"audioPlay":false,"sceneViewState":{"m_AlwaysRefresh":false,"showFog":true,"showSkybox":false,"showFlares":true,"showImageEffects":true,"showParticleSystems":true,"showVisualEffectGraphs":true,"m_FxEnabled":true},"in2DMode":false,"pivot":{"x":0.09251785278320313,"y":0.7813513875007629,"z":-0.2660638093948364},"rotation":{"x":0.10661707073450089,"y":0.8166918754577637,"z":-0.1600324660539627,"w":0.5440969467163086},"size":0.31615668535232546,"orthographic":false}